"dt","beer","pizza"
2015-01-14 00:00:00,6711,15498
2015-01-14 01:00:00,7361,22209
2015-01-14 02:00:00,6333,23265
2015-01-14 03:00:00,5710,18340
2015-01-14 04:00:00,4996,14194
2015-01-14 05:00:00,3687,10206
2015-01-14 06:00:00,5087,8404
2015-01-14 07:00:00,3231,7233
2015-01-14 08:00:00,2066,6255
2015-01-14 09:00:00,1922,5674
2015-01-14 10:00:00,3524,5540
2015-01-14 11:00:00,2926,6404
2015-01-14 12:00:00,3194,8712
2015-01-14 13:00:00,3729,7919
2015-01-14 14:00:00,3782,8246
2015-01-14 15:00:00,4845,9796
2015-01-14 16:00:00,5177,18395
2015-01-14 17:00:00,5435,14298
2015-01-14 18:00:00,5418,15883
2015-01-14 19:00:00,5497,13554
2015-01-14 20:00:00,5445,14241
2015-01-14 21:00:00,6379,13606
2015-01-14 22:00:00,6291,13488
2015-01-14 23:00:00,7815,15865
2015-01-15 00:00:00,8877,16813
2015-01-15 01:00:00,7664,15651
2015-01-15 02:00:00,6851,13797
2015-01-15 03:00:00,7263,22550
2015-01-15 04:00:00,5842,15870
2015-01-15 05:00:00,4716,10845
2015-01-15 06:00:00,3053,8009
2015-01-15 07:00:00,2623,9369
2015-01-15 08:00:00,2133,5194
2015-01-15 09:00:00,1921,4207
2015-01-15 10:00:00,2239,4856
2015-01-15 11:00:00,2674,5713
2015-01-15 12:00:00,2640,7140
2015-01-15 13:00:00,3439,8921
2015-01-15 14:00:00,3711,9889
2015-01-15 15:00:00,3865,10188
2015-01-15 16:00:00,4567,11454
2015-01-15 17:00:00,5041,12462
2015-01-15 18:00:00,5860,15337
2015-01-15 19:00:00,6032,13694
2015-01-15 20:00:00,6626,14599
2015-01-15 21:00:00,6396,14444
2015-01-15 22:00:00,6528,15648
2015-01-15 23:00:00,6949,12536
2015-01-16 00:00:00,7170,15119
2015-01-16 01:00:00,7991,15592
2015-01-16 02:00:00,8878,15258
2015-01-16 03:00:00,7037,14201
2015-01-16 04:00:00,5520,11613
2015-01-16 05:00:00,4830,10366
2015-01-16 06:00:00,4817,9174
2015-01-16 07:00:00,3245,6604
2015-01-16 08:00:00,2513,5800
2015-01-16 09:00:00,2488,4687
2015-01-16 10:00:00,2406,5755
2015-01-16 11:00:00,3173,6867
2015-01-16 12:00:00,4083,9107
2015-01-16 13:00:00,4575,10665
2015-01-16 14:00:00,4382,9757
2015-01-16 15:00:00,4769,10589
2015-01-16 16:00:00,32448,14488
2015-01-16 17:00:00,10834,16458
2015-01-16 18:00:00,9319,15518
2015-01-16 19:00:00,8534,14966
2015-01-16 20:00:00,9308,16951
2015-01-16 21:00:00,9962,14631
2015-01-16 22:00:00,9902,17332
2015-01-16 23:00:00,10983,26587
2015-01-17 00:00:00,12272,20268
2015-01-17 01:00:00,11321,18009
2015-01-17 02:00:00,10979,16681
2015-01-17 03:00:00,10404,15979
2015-01-17 04:00:00,7414,13236
2015-01-17 05:00:00,6476,12250
2015-01-17 06:00:00,4784,10205
2015-01-17 07:00:00,4372,7502
2015-01-17 08:00:00,3457,5669
2015-01-17 09:00:00,3543,7076
2015-01-17 10:00:00,2809,6402
2015-01-17 11:00:00,3167,5924
2015-01-17 12:00:00,3320,7242
2015-01-17 13:00:00,3598,10866
2015-01-17 14:00:00,4709,9547
2015-01-17 15:00:00,4992,9936
2015-01-17 16:00:00,6220,11258
2015-01-17 17:00:00,7031,15945
2015-01-17 18:00:00,7697,14820
2015-01-17 19:00:00,8242,19308
2015-01-17 20:00:00,8612,13516
2015-01-17 21:00:00,9544,15764
2015-01-17 22:00:00,8743,17499
2015-01-17 23:00:00,8965,17198
2015-01-18 00:00:00,9335,17311
2015-01-18 01:00:00,9683,24055
2015-01-18 02:00:00,9316,19601
2015-01-18 03:00:00,8605,20758
2015-01-18 04:00:00,8030,15654
2015-01-18 05:00:00,6023,12555
2015-01-18 06:00:00,4654,11055
2015-01-18 07:00:00,3685,8530
2015-01-18 08:00:00,3751,6674
2015-01-18 09:00:00,3442,6350
2015-01-18 10:00:00,3586,6297
2015-01-18 11:00:00,3419,6293
2015-01-18 12:00:00,3337,7921
2015-01-18 13:00:00,5088,11574
2015-01-18 14:00:00,4434,9753
2015-01-18 15:00:00,4439,14332
2015-01-18 16:00:00,5311,12539
2015-01-18 17:00:00,6946,16694
2015-01-18 18:00:00,8038,18378
2015-01-18 19:00:00,8369,17871
2015-01-18 20:00:00,9486,17976
2015-01-18 21:00:00,11562,18763
2015-01-18 22:00:00,14347,16392
2015-01-18 23:00:00,10947,17850
2015-01-19 00:00:00,8749,21524
2015-01-19 01:00:00,9531,24022
2015-01-19 02:00:00,8405,18645
2015-01-19 03:00:00,6780,14870
2015-01-19 04:00:00,5706,13285
2015-01-19 05:00:00,4549,11746
2015-01-19 06:00:00,3596,9723
2015-01-19 07:00:00,3250,6992
2015-01-19 08:00:00,2511,5325
2015-01-19 09:00:00,2269,4781
2015-01-19 10:00:00,2445,5249
2015-01-19 11:00:00,4999,6298
2015-01-19 12:00:00,3701,6779
2015-01-19 13:00:00,4866,9842
2015-01-19 14:00:00,4227,8965
2015-01-19 15:00:00,4955,11807
2015-01-19 16:00:00,5903,12484
2015-01-19 17:00:00,5650,12815
2015-01-19 18:00:00,6247,13233
2015-01-19 19:00:00,7408,17026
2015-01-19 20:00:00,6394,14977
2015-01-19 21:00:00,7204,15588
2015-01-19 22:00:00,7684,15440
2015-01-19 23:00:00,6627,18044
2015-01-20 00:00:00,6262,16780
2015-01-20 01:00:00,7501,18137
2015-01-20 02:00:00,7201,21891
2015-01-20 03:00:00,5951,20023
2015-01-20 04:00:00,4671,14232
2015-01-20 05:00:00,3761,12119
2015-01-20 06:00:00,3517,11234
2015-01-20 07:00:00,2713,10157
2015-01-20 08:00:00,3395,7931
2015-01-20 09:00:00,3923,5218
2015-01-20 10:00:00,4019,5714
2015-01-20 11:00:00,3392,5658
2015-01-20 12:00:00,3356,6733
2015-01-20 13:00:00,5308,8339
2015-01-20 14:00:00,5891,9542
2015-01-20 15:00:00,7506,11418
2015-01-20 16:00:00,5875,11774
2015-01-20 17:00:00,5234,15496
2015-01-20 18:00:00,5851,14623
2015-01-20 19:00:00,6731,12717
2015-01-20 20:00:00,6806,15142
2015-01-20 21:00:00,7192,14292
2015-01-20 22:00:00,8978,21211
2015-01-20 23:00:00,6653,18414
2015-01-21 00:00:00,7173,17070
2015-01-21 01:00:00,8953,16387
2015-01-21 02:00:00,7866,17092
2015-01-21 03:00:00,7142,13665
2015-01-21 04:00:00,6042,11877
2015-01-21 05:00:00,5964,12050
2015-01-21 06:00:00,3449,8537
2015-01-21 07:00:00,2753,5812
2015-01-21 08:00:00,2781,6944
2015-01-21 09:00:00,3444,4573
2015-01-21 10:00:00,3683,4907
2015-01-21 11:00:00,4569,6089
2015-01-21 12:00:00,5330,6610
2015-01-21 13:00:00,9358,10106
2015-01-21 14:00:00,6471,8802
2015-01-21 15:00:00,5180,9580
2015-01-21 16:00:00,5522,11709
2015-01-21 17:00:00,6756,15018
2015-01-21 18:00:00,5968,12480
2015-01-21 19:00:00,5365,16922
2015-01-21 20:00:00,7804,15768
2015-01-21 21:00:00,9678,15556
2015-01-21 22:00:00,9002,20829
2015-01-21 23:00:00,7427,19517
2015-01-22 00:00:00,7161,16537
2015-01-22 01:00:00,7166,20511
2015-01-22 02:00:00,7523,20357
2015-01-22 03:00:00,6212,15606
2015-01-22 04:00:00,4914,12967
2015-01-22 05:00:00,4562,12488
2015-01-22 06:00:00,3637,7928
2015-01-22 07:00:00,2935,6526
2015-01-22 08:00:00,2697,5302
2015-01-22 09:00:00,2762,4792
2015-01-22 10:00:00,2534,5930
2015-01-22 11:00:00,3309,6421
2015-01-22 12:00:00,3259,6867
2015-01-22 13:00:00,5331,8175
2015-01-22 14:00:00,5201,10133
2015-01-22 15:00:00,5405,10070
2015-01-22 16:00:00,6175,13405
2015-01-22 17:00:00,6033,17824
2015-01-22 18:00:00,6534,14618
2015-01-22 19:00:00,7419,16322
2015-01-22 20:00:00,7564,13913
2015-01-22 21:00:00,8164,16363
2015-01-22 22:00:00,7921,14742
2015-01-22 23:00:00,8063,24027
2015-01-23 00:00:00,8149,25201
2015-01-23 01:00:00,8347,15851
2015-01-23 02:00:00,8373,17542
2015-01-23 03:00:00,8247,14265
2015-01-23 04:00:00,6117,14496
2015-01-23 05:00:00,4587,9380
2015-01-23 06:00:00,3811,7121
2015-01-23 07:00:00,3326,5736
2015-01-23 08:00:00,2570,5278
2015-01-23 09:00:00,2943,5561
2015-01-23 10:00:00,2986,5116
2015-01-23 11:00:00,3333,7796
2015-01-23 12:00:00,3850,8742
2015-01-23 13:00:00,4276,11702
2015-01-23 14:00:00,4907,13499
2015-01-23 15:00:00,5199,11264
2015-01-23 16:00:00,8439,12694
2015-01-23 17:00:00,9293,13384
2015-01-23 18:00:00,10570,18748
2015-01-23 19:00:00,8767,16221
2015-01-23 20:00:00,9304,16516
2015-01-23 21:00:00,9355,15018
2015-01-23 22:00:00,10450,16813
2015-01-23 23:00:00,9474,25030
2015-01-24 00:00:00,9661,19031
2015-01-24 01:00:00,9993,19608
2015-01-24 02:00:00,11273,15561
2015-01-24 03:00:00,9529,14931
2015-01-24 04:00:00,7520,13479
2015-01-24 05:00:00,6419,16675
2015-01-24 06:00:00,4956,10428
2015-01-24 07:00:00,4192,7958
2015-01-24 08:00:00,3750,7432
2015-01-24 09:00:00,3135,6131
2015-01-24 10:00:00,3464,6142
2015-01-24 11:00:00,4224,8346
2015-01-24 12:00:00,4620,9343
2015-01-24 13:00:00,4941,9416
2015-01-24 14:00:00,6221,9625
2015-01-24 15:00:00,5960,10872
2015-01-24 16:00:00,7614,20932
2015-01-24 17:00:00,8454,16139
2015-01-24 18:00:00,9735,16506
2015-01-24 19:00:00,10113,16118
2015-01-24 20:00:00,11258,22147
2015-01-24 21:00:00,11840,16689
2015-01-24 22:00:00,11087,16189
2015-01-24 23:00:00,10942,16683
2015-01-25 00:00:00,9638,16576
2015-01-25 01:00:00,9718,22696
2015-01-25 02:00:00,9943,16968
2015-01-25 03:00:00,9348,15633
2015-01-25 04:00:00,7588,14142
2015-01-25 05:00:00,6786,12957
2015-01-25 06:00:00,5521,10365
2015-01-25 07:00:00,4901,10432
2015-01-25 08:00:00,5065,7132
2015-01-25 09:00:00,3833,7429
2015-01-25 10:00:00,3680,7339
2015-01-25 11:00:00,3120,7814
2015-01-25 12:00:00,3064,7955
2015-01-25 13:00:00,4801,9702
2015-01-25 14:00:00,4379,9658
2015-01-25 15:00:00,5661,10089
2015-01-25 16:00:00,6904,21908
2015-01-25 17:00:00,8907,13826
2015-01-25 18:00:00,9014,16404
2015-01-25 19:00:00,8714,15192
2015-01-25 20:00:00,11567,17478
2015-01-25 21:00:00,11026,16454
2015-01-25 22:00:00,7915,18645
2015-01-25 23:00:00,7086,26076
2015-01-26 00:00:00,6815,19210
2015-01-26 01:00:00,7880,22456
2015-01-26 02:00:00,7165,29684
2015-01-26 03:00:00,5823,19823
2015-01-26 04:00:00,36702,14655
2015-01-26 05:00:00,12494,15227
2015-01-26 06:00:00,11297,10116
2015-01-26 07:00:00,7353,6839
2015-01-26 08:00:00,5595,5748
2015-01-26 09:00:00,5584,5369
2015-01-26 10:00:00,5936,5145
2015-01-26 11:00:00,6216,7213
2015-01-26 12:00:00,6863,9828
2015-01-26 13:00:00,7339,13031
2015-01-26 14:00:00,7710,13522
2015-01-26 15:00:00,8535,14257
2015-01-26 16:00:00,8061,15929
2015-01-26 17:00:00,8148,16038
2015-01-26 18:00:00,8300,16638
2015-01-26 19:00:00,7671,15683
2015-01-26 20:00:00,8721,15915
2015-01-26 21:00:00,9546,19592
2015-01-26 22:00:00,8945,23265
2015-01-26 23:00:00,7526,20157
2015-01-27 00:00:00,7384,28394
2015-01-27 01:00:00,7498,21935
2015-01-27 02:00:00,8083,20267
2015-01-27 03:00:00,6913,19068
2015-01-27 04:00:00,6585,14313
2015-01-27 05:00:00,4784,11329
2015-01-27 06:00:00,4518,9668
2015-01-27 07:00:00,4289,6774
2015-01-27 08:00:00,4650,5000
2015-01-27 09:00:00,2702,4854
2015-01-27 10:00:00,3264,4918
2015-01-27 11:00:00,3399,6604
2015-01-27 12:00:00,3431,8287
2015-01-27 13:00:00,3986,8819
2015-01-27 14:00:00,5533,20279
2015-01-27 15:00:00,5969,13207
2015-01-27 16:00:00,5820,12808
2015-01-27 17:00:00,6203,12940
2015-01-27 18:00:00,6663,19634
2015-01-27 19:00:00,8142,16563
2015-01-27 20:00:00,6729,14362
2015-01-27 21:00:00,6880,16238
2015-01-27 22:00:00,6748,17719
2015-01-27 23:00:00,6770,20241
2015-01-28 00:00:00,7001,17050
2015-01-28 01:00:00,7489,16951
2015-01-28 02:00:00,6997,16662
2015-01-28 03:00:00,6305,23427
2015-01-28 04:00:00,5328,15799
2015-01-28 05:00:00,4833,10344
2015-01-28 06:00:00,3372,8381
2015-01-28 07:00:00,3483,5568
2015-01-28 08:00:00,2750,4976
2015-01-28 09:00:00,2106,4490
2015-01-28 10:00:00,2423,4967
2015-01-28 11:00:00,3441,7356
2015-01-28 12:00:00,3659,8861
2015-01-28 13:00:00,4158,8915
2015-01-28 14:00:00,4611,9661
2015-01-28 15:00:00,5222,10829
2015-01-28 16:00:00,6512,20540
2015-01-28 17:00:00,6708,13987
2015-01-28 18:00:00,6264,17613
2015-01-28 19:00:00,6862,14767
2015-01-28 20:00:00,9980,15735
2015-01-28 21:00:00,7600,17020
2015-01-28 22:00:00,9243,15671
2015-01-28 23:00:00,6941,15605
2015-01-29 00:00:00,7245,16091
2015-01-29 01:00:00,7452,16800
2015-01-29 02:00:00,8794,27632
2015-01-29 03:00:00,7592,19956
2015-01-29 04:00:00,5826,17703
2015-01-29 05:00:00,5523,12956
2015-01-29 06:00:00,4344,8986
2015-01-29 07:00:00,3386,5913
2015-01-29 08:00:00,3221,4434
2015-01-29 09:00:00,2341,4936
2015-01-29 10:00:00,3634,4652
2015-01-29 11:00:00,3917,8464
2015-01-29 12:00:00,4479,7840
2015-01-29 13:00:00,4080,10287
2015-01-29 14:00:00,6231,11034
2015-01-29 15:00:00,7485,12690
2015-01-29 16:00:00,7857,18123
2015-01-29 17:00:00,7223,14223
2015-01-29 18:00:00,7412,18577
2015-01-29 19:00:00,7951,15899
2015-01-29 20:00:00,8457,15657
2015-01-29 21:00:00,7341,21914
2015-01-29 22:00:00,7854,16128
2015-01-29 23:00:00,7637,17767
2015-01-30 00:00:00,8222,19149
2015-01-30 01:00:00,8260,26148
2015-01-30 02:00:00,7930,20343
2015-01-30 03:00:00,7520,16129
2015-01-30 04:00:00,6245,16389
2015-01-30 05:00:00,5314,13626
2015-01-30 06:00:00,3962,9614
2015-01-30 07:00:00,3004,7738
2015-01-30 08:00:00,3012,5843
2015-01-30 09:00:00,2669,5618
2015-01-30 10:00:00,3718,6015
2015-01-30 11:00:00,3855,6342
2015-01-30 12:00:00,3980,8543
2015-01-30 13:00:00,4745,8888
2015-01-30 14:00:00,6194,9703
2015-01-30 15:00:00,6648,14110
2015-01-30 16:00:00,6818,16277
2015-01-30 17:00:00,8279,14595
2015-01-30 18:00:00,8175,22196
2015-01-30 19:00:00,8856,19417
2015-01-30 20:00:00,9778,22801
2015-01-30 21:00:00,9808,17151
2015-01-30 22:00:00,10139,18164
2015-01-30 23:00:00,10849,24630
2015-01-31 00:00:00,10097,19752
2015-01-31 01:00:00,10568,21508
2015-01-31 02:00:00,9331,17314
2015-01-31 03:00:00,8810,17080
2015-01-31 04:00:00,8073,13853
2015-01-31 05:00:00,6136,12339
2015-01-31 06:00:00,5174,8437
2015-01-31 07:00:00,4096,8354
2015-01-31 08:00:00,3169,6429
2015-01-31 09:00:00,2913,6175
2015-01-31 10:00:00,2775,6898
2015-01-31 11:00:00,3826,9278
2015-01-31 12:00:00,3665,9818
2015-01-31 13:00:00,4154,11313
2015-01-31 14:00:00,5332,13000
2015-01-31 15:00:00,5655,19550
2015-01-31 16:00:00,6890,13096
2015-01-31 17:00:00,8002,20308
2015-01-31 18:00:00,9263,14542
2015-01-31 19:00:00,10329,15229
2015-01-31 20:00:00,10993,16208
2015-01-31 21:00:00,9210,20361
2015-01-31 22:00:00,11191,19794
2015-01-31 23:00:00,10194,22993
2015-02-01 00:00:00,10149,20580
2015-02-01 01:00:00,10348,18628
2015-02-01 02:00:00,9817,15391
2015-02-01 03:00:00,8829,17832
2015-02-01 04:00:00,8326,14263
2015-02-01 05:00:00,7567,12632
2015-02-01 06:00:00,6822,11274
2015-02-01 07:00:00,4218,10408
2015-02-01 08:00:00,3377,8493
2015-02-01 09:00:00,3972,6881
2015-02-01 10:00:00,3161,6552
2015-02-01 11:00:00,3680,8536
2015-02-01 12:00:00,4598,8247
2015-02-01 13:00:00,5920,9119
2015-02-01 14:00:00,6280,12266
2015-02-01 15:00:00,7051,14521
2015-02-01 16:00:00,10285,18522
2015-02-01 17:00:00,11004,19740
2015-02-01 18:00:00,13726,19091
2015-02-01 19:00:00,14889,21930
2015-02-01 20:00:00,15751,24640
2015-02-01 21:00:00,18272,24707
2015-02-01 22:00:00,17971,23355
2015-02-01 23:00:00,22484,27660
2015-02-02 00:00:00,29173,25761
2015-02-02 01:00:00,29207,28176
2015-02-02 02:00:00,36393,16572
2015-02-02 03:00:00,10896,15136
2015-02-02 04:00:00,7274,13221
2015-02-02 05:00:00,7160,9612
2015-02-02 06:00:00,6911,7385
2015-02-02 07:00:00,4648,5505
2015-02-02 08:00:00,2529,4363
2015-02-02 09:00:00,2382,3914
2015-02-02 10:00:00,2518,4859
2015-02-02 11:00:00,3150,5685
2015-02-02 12:00:00,4059,6730
2015-02-02 13:00:00,4388,9469
2015-02-02 14:00:00,4821,8792
2015-02-02 15:00:00,5781,12197
2015-02-02 16:00:00,7613,13046
2015-02-02 17:00:00,7534,12775
2015-02-02 18:00:00,6788,14069
2015-02-02 19:00:00,7462,17898
2015-02-02 20:00:00,9607,14320
2015-02-02 21:00:00,9714,15504
2015-02-02 22:00:00,9311,23689
2015-02-02 23:00:00,8110,19807
2015-02-03 00:00:00,6648,15754
2015-02-03 01:00:00,6653,17018
2015-02-03 02:00:00,7717,17124
2015-02-03 03:00:00,7078,14286
2015-02-03 04:00:00,5526,12137
2015-02-03 05:00:00,4572,12398
2015-02-03 06:00:00,3472,7156
2015-02-03 07:00:00,2609,5016
2015-02-03 08:00:00,2079,4706
2015-02-03 09:00:00,2441,4204
2015-02-03 10:00:00,2974,4432
2015-02-03 11:00:00,3085,5280
2015-02-03 12:00:00,3564,5976
2015-02-03 13:00:00,3969,7918
2015-02-03 14:00:00,4710,8033
2015-02-03 15:00:00,4516,8489
2015-02-03 16:00:00,5746,19614
2015-02-03 17:00:00,5728,11137
2015-02-03 18:00:00,6228,11289
2015-02-03 19:00:00,7047,12364
2015-02-03 20:00:00,9424,24959
2015-02-03 21:00:00,8291,18253
2015-02-03 22:00:00,9233,15391
2015-02-03 23:00:00,7094,20649
2015-02-04 00:00:00,6544,16051
2015-02-04 01:00:00,6683,14255
2015-02-04 02:00:00,6571,14195
2015-02-04 03:00:00,5856,15097
2015-02-04 04:00:00,4887,12465
2015-02-04 05:00:00,3612,8405
2015-02-04 06:00:00,3136,6447
2015-02-04 07:00:00,2612,5426
2015-02-04 08:00:00,2291,3903
2015-02-04 09:00:00,3019,7159
2015-02-04 10:00:00,2534,5250
2015-02-04 11:00:00,2520,6075
2015-02-04 12:00:00,3092,6420
2015-02-04 13:00:00,3638,7423
2015-02-04 14:00:00,4285,8717
2015-02-04 15:00:00,5506,12439
2015-02-04 16:00:00,6092,12627
2015-02-04 17:00:00,6289,12464
2015-02-04 18:00:00,10604,19382
2015-02-04 19:00:00,8322,13738
2015-02-04 20:00:00,7906,13395
2015-02-04 21:00:00,6909,19320
2015-02-04 22:00:00,6605,15963
2015-02-04 23:00:00,6706,16562
2015-02-05 00:00:00,8773,14246
2015-02-05 01:00:00,7158,18038
2015-02-05 02:00:00,6862,16188
2015-02-05 03:00:00,6530,18869
2015-02-05 04:00:00,6179,11648
2015-02-05 05:00:00,4227,9568
2015-02-05 06:00:00,3595,6945
2015-02-05 07:00:00,3197,4700
2015-02-05 08:00:00,2360,4290
2015-02-05 09:00:00,2578,4340
2015-02-05 10:00:00,2755,4850
2015-02-05 11:00:00,2846,6197
2015-02-05 12:00:00,3118,7479
2015-02-05 13:00:00,4080,11794
2015-02-05 14:00:00,4941,7876
2015-02-05 15:00:00,5265,9851
2015-02-05 16:00:00,6562,16350
2015-02-05 17:00:00,6415,16899
2015-02-05 18:00:00,6849,12269
2015-02-05 19:00:00,7299,18478
2015-02-05 20:00:00,9189,12474
2015-02-05 21:00:00,8214,13797
2015-02-05 22:00:00,11839,13920
2015-02-05 23:00:00,8407,15316
2015-02-06 00:00:00,8352,15253
2015-02-06 01:00:00,7974,18125
2015-02-06 02:00:00,8744,15660
2015-02-06 03:00:00,8087,12705
2015-02-06 04:00:00,5916,9636
2015-02-06 05:00:00,4288,10718
2015-02-06 06:00:00,3803,7441
2015-02-06 07:00:00,2913,5692
2015-02-06 08:00:00,3136,4605
2015-02-06 09:00:00,2819,5106
2015-02-06 10:00:00,3131,4965
2015-02-06 11:00:00,3893,5323
2015-02-06 12:00:00,4963,6801
2015-02-06 13:00:00,4922,7885
2015-02-06 14:00:00,5043,8995
2015-02-06 15:00:00,6100,10797
2015-02-06 16:00:00,6952,12240
2015-02-06 17:00:00,7103,16059
2015-02-06 18:00:00,7932,13143
2015-02-06 19:00:00,8926,15850
2015-02-06 20:00:00,7947,13866
2015-02-06 21:00:00,8915,14762
2015-02-06 22:00:00,9661,15374
2015-02-06 23:00:00,9743,17121
2015-02-07 00:00:00,9042,17735
2015-02-07 01:00:00,9444,16761
2015-02-07 02:00:00,9603,24135
2015-02-07 03:00:00,8743,14396
2015-02-07 04:00:00,8335,13973
2015-02-07 05:00:00,5933,10471
2015-02-07 06:00:00,4924,7607
2015-02-07 07:00:00,4660,7028
2015-02-07 08:00:00,3658,6091
2015-02-07 09:00:00,2842,5593
2015-02-07 10:00:00,3637,5673
2015-02-07 11:00:00,3245,5847
2015-02-07 12:00:00,3881,7869
2015-02-07 13:00:00,4061,8463
2015-02-07 14:00:00,5614,9411
2015-02-07 15:00:00,6001,11032
2015-02-07 16:00:00,7053,11269
2015-02-07 17:00:00,7431,11585
2015-02-07 18:00:00,7838,17881
2015-02-07 19:00:00,8657,17234
2015-02-07 20:00:00,9096,16341
2015-02-07 21:00:00,9198,14555
2015-02-07 22:00:00,8735,14882
2015-02-07 23:00:00,8626,17244
2015-02-08 00:00:00,9148,18328
2015-02-08 01:00:00,8335,20034
2015-02-08 02:00:00,8024,19328
2015-02-08 03:00:00,8807,19493
2015-02-08 04:00:00,7886,15205
2015-02-08 05:00:00,5844,14193
2015-02-08 06:00:00,4766,10306
2015-02-08 07:00:00,3809,8037
2015-02-08 08:00:00,3238,8453
2015-02-08 09:00:00,2872,7902
2015-02-08 10:00:00,3336,8584
2015-02-08 11:00:00,2912,7974
2015-02-08 12:00:00,3908,8051
2015-02-08 13:00:00,4218,7994
2015-02-08 14:00:00,4900,9323
2015-02-08 15:00:00,6575,10764
2015-02-08 16:00:00,10011,10934
2015-02-08 17:00:00,11229,14289
2015-02-08 18:00:00,8933,14506
2015-02-08 19:00:00,8960,18273
2015-02-08 20:00:00,10505,17658
2015-02-08 21:00:00,9184,16734
2015-02-08 22:00:00,7630,20372
2015-02-08 23:00:00,7070,18688
2015-02-09 00:00:00,6320,17021
2015-02-09 01:00:00,6081,16739
2015-02-09 02:00:00,6280,11957
2015-02-09 03:00:00,7020,11691
2015-02-09 04:00:00,5166,12684
2015-02-09 05:00:00,3882,9997
2015-02-09 06:00:00,2831,10457
2015-02-09 07:00:00,2672,7240
2015-02-09 08:00:00,2417,5357
2015-02-09 09:00:00,2266,4906
2015-02-09 10:00:00,2646,6334
2015-02-09 11:00:00,2899,7007
2015-02-09 12:00:00,3167,11598
2015-02-09 13:00:00,3607,9989
2015-02-09 14:00:00,4429,10692
2015-02-09 15:00:00,5015,15641
2015-02-09 16:00:00,5611,21837
2015-02-09 17:00:00,5917,22291
2015-02-09 18:00:00,5351,22869
2015-02-09 19:00:00,6391,28100
2015-02-09 20:00:00,6346,31533
2015-02-09 21:00:00,5855,30582
2015-02-09 22:00:00,6052,29994
2015-02-09 23:00:00,5542,30593
2015-02-10 00:00:00,6526,29589
2015-02-10 01:00:00,6552,29762
2015-02-10 02:00:00,6684,23918
2015-02-10 03:00:00,6203,21609
2015-02-10 04:00:00,5316,16721
2015-02-10 05:00:00,4069,12822
2015-02-10 06:00:00,2994,9722
2015-02-10 07:00:00,2632,6263
2015-02-10 08:00:00,1999,4924
2015-02-10 09:00:00,3496,5436
2015-02-10 10:00:00,2811,5006
2015-02-10 11:00:00,3019,6373
2015-02-10 12:00:00,3245,8377
2015-02-10 13:00:00,4782,9195
2015-02-10 14:00:00,4808,8619
2015-02-10 15:00:00,4500,10106
2015-02-10 16:00:00,5140,15280
2015-02-10 17:00:00,5961,17145
2015-02-10 18:00:00,5580,14313
2015-02-10 19:00:00,6053,14197
2015-02-10 20:00:00,7654,16618
2015-02-10 21:00:00,8464,18995
2015-02-10 22:00:00,8225,15601
2015-02-10 23:00:00,5716,16746
2015-02-11 00:00:00,6521,16149
2015-02-11 01:00:00,6948,14625
2015-02-11 02:00:00,6781,18662
2015-02-11 03:00:00,5873,17700
2015-02-11 04:00:00,4608,16489
2015-02-11 05:00:00,3594,9628
2015-02-11 06:00:00,3498,6791
2015-02-11 07:00:00,3235,5134
2015-02-11 08:00:00,2648,4098
2015-02-11 09:00:00,2341,4571
2015-02-11 10:00:00,2651,4616
2015-02-11 11:00:00,2849,6220
2015-02-11 12:00:00,3198,7661
2015-02-11 13:00:00,4069,7478
2015-02-11 14:00:00,4718,7776
2015-02-11 15:00:00,5078,9671
2015-02-11 16:00:00,5680,17530
2015-02-11 17:00:00,5375,13590
2015-02-11 18:00:00,6892,13056
2015-02-11 19:00:00,6209,12852
2015-02-11 20:00:00,9799,16599
2015-02-11 21:00:00,10385,19217
2015-02-11 22:00:00,7708,15927
2015-02-11 23:00:00,7536,14990
2015-02-12 00:00:00,7331,17962
2015-02-12 01:00:00,6996,18283
2015-02-12 02:00:00,7279,15637
2015-02-12 03:00:00,6995,14411
2015-02-12 04:00:00,5135,12663
2015-02-12 05:00:00,3790,10356
2015-02-12 06:00:00,3419,8292
2015-02-12 07:00:00,3057,5811
2015-02-12 08:00:00,2470,4676
2015-02-12 09:00:00,2311,4504
2015-02-12 10:00:00,2683,5942
2015-02-12 11:00:00,2655,8842
2015-02-12 12:00:00,3029,8122
2015-02-12 13:00:00,3742,8884
2015-02-12 14:00:00,5283,9182
2015-02-12 15:00:00,4807,10140
2015-02-12 16:00:00,5715,11282
2015-02-12 17:00:00,7544,12691
2015-02-12 18:00:00,6926,15943
2015-02-12 19:00:00,7362,13623
2015-02-12 20:00:00,7410,15990
2015-02-12 21:00:00,6883,20310
2015-02-12 22:00:00,8167,16592
2015-02-12 23:00:00,7689,16053
2015-02-13 00:00:00,7400,15329
2015-02-13 01:00:00,7550,20371
2015-02-13 02:00:00,7825,18623
2015-02-13 03:00:00,6420,14969
2015-02-13 04:00:00,5213,10699
2015-02-13 05:00:00,4081,10263
2015-02-13 06:00:00,3422,7640
2015-02-13 07:00:00,2853,5779
2015-02-13 08:00:00,2327,4492
2015-02-13 09:00:00,2299,4196
2015-02-13 10:00:00,3107,5174
2015-02-13 11:00:00,2887,6316
2015-02-13 12:00:00,3304,8507
2015-02-13 13:00:00,3663,8271
2015-02-13 14:00:00,4123,11150
2015-02-13 15:00:00,6154,10199
2015-02-13 16:00:00,8874,12433
2015-02-13 17:00:00,8857,13693
2015-02-13 18:00:00,8660,14694
2015-02-13 19:00:00,7969,14637
2015-02-13 20:00:00,7416,16208
2015-02-13 21:00:00,8254,17363
2015-02-13 22:00:00,1180,2378
